{"cameraMode":{"drawMode":0,"name":"Shaded","section":"Shading Mode"},"sceneLighting":false,"audioPlay":false,"sceneViewState":{"showFog":false,"showMaterialUpdate":false,"showSkybox":false,"showFlares":false,"showImageEffects":false,"showParticleSystems":false},"in2DMode":false,"pivot":{"x":4.172325134277344e-7,"y":1.0000004768371583,"z":0.0},"rotation":{"x":0.19177691638469697,"y":-0.6285866498947144,"z":0.16534653306007386,"w":0.7358865141868591},"size":1.3346902132034302,"orthographic":false}