{"cameraMode":{"drawMode":0,"name":"Shaded","section":"Shading Mode"},"sceneLighting":false,"audioPlay":false,"sceneViewState":{"showFog":false,"showMaterialUpdate":false,"showSkybox":false,"showFlares":false,"showImageEffects":false,"showParticleSystems":false},"in2DMode":false,"pivot":{"x":0.025400690734386445,"y":0.790959358215332,"z":1.1305396556854249},"rotation":{"x":-0.09264452010393143,"y":0.9070068001747131,"z":-0.2770906388759613,"w":-0.3042602241039276},"size":0.5996472835540772,"orthographic":false}