{"cameraMode":{"drawMode":0,"name":"Shaded","section":"Shading Mode"},"sceneLighting":false,"audioPlay":false,"sceneViewState":{"showFog":false,"showMaterialUpdate":false,"showSkybox":false,"showFlares":false,"showImageEffects":false,"showParticleSystems":false},"in2DMode":false,"pivot":{"x":52.03973388671875,"y":6.6490936279296879,"z":41.57296371459961},"rotation":{"x":-0.028556613251566888,"y":0.9544926881790161,"z":-0.10825235396623612,"w":-0.2840883135795593},"size":0.324745237827301,"orthographic":false}