{"cameraMode":{"drawMode":0,"name":"Shaded","section":"Shading Mode"},"sceneLighting":false,"audioPlay":false,"sceneViewState":{"showFog":false,"showMaterialUpdate":false,"showSkybox":false,"showFlares":false,"showImageEffects":false,"showParticleSystems":false},"in2DMode":false,"pivot":{"x":1.499999761581421,"y":0.0624995231628418,"z":1.5000003576278687},"rotation":{"x":-0.29107362031936648,"y":0.6617399454116821,"z":-0.3135259449481964,"w":-0.6162646412849426},"size":2.1222496032714845,"orthographic":false}