{"cameraMode":{"drawMode":0,"name":"Shaded","section":"Shading Mode"},"sceneLighting":false,"audioPlay":false,"sceneViewState":{"showFog":false,"showMaterialUpdate":false,"showSkybox":false,"showFlares":false,"showImageEffects":false,"showParticleSystems":false},"in2DMode":false,"pivot":{"x":1.281293511390686,"y":1.9999942779541016,"z":1.718762993812561},"rotation":{"x":0.19095291197299958,"y":-0.7425886392593384,"z":0.23976385593414308,"w":0.5961481928825378},"size":3.1477956771850588,"orthographic":false}