{"cameraMode":{"drawMode":0,"name":"Shaded","section":"Shading Mode"},"sceneLighting":false,"audioPlay":false,"sceneViewState":{"showFog":false,"showMaterialUpdate":false,"showSkybox":false,"showFlares":false,"showImageEffects":false,"showParticleSystems":false},"in2DMode":false,"pivot":{"x":0.2975526452064514,"y":-0.11295844614505768,"z":-0.1645621359348297},"rotation":{"x":-0.009522036649286747,"y":0.9822689890861511,"z":-0.05191913992166519,"w":-0.1799570918083191},"size":3.7114880084991457,"orthographic":false}