{"cameraMode":{"drawMode":0,"name":"Shaded","section":"Shading Mode"},"sceneLighting":false,"audioPlay":false,"sceneViewState":{"showFog":false,"showMaterialUpdate":false,"showSkybox":false,"showFlares":false,"showImageEffects":false,"showParticleSystems":false},"in2DMode":false,"pivot":{"x":20.299589157104493,"y":0.46862271428108218,"z":10.088604927062989},"rotation":{"x":-0.014205317944288254,"y":-0.9464821815490723,"z":0.3197673559188843,"w":-0.04204772785305977},"size":0.7303391098976135,"orthographic":false}