{"cameraMode":{"drawMode":0,"name":"Shaded","section":"Shading Mode"},"sceneLighting":false,"audioPlay":false,"sceneViewState":{"showFog":false,"showMaterialUpdate":false,"showSkybox":false,"showFlares":false,"showImageEffects":false,"showParticleSystems":false},"in2DMode":false,"pivot":{"x":-0.3695313334465027,"y":0.6192002296447754,"z":-0.1925726681947708},"rotation":{"x":-0.14645671844482423,"y":0.8184492588043213,"z":-0.23942771553993226,"w":-0.5019756555557251},"size":1.373488426208496,"orthographic":false}