{"cameraMode":{"drawMode":0,"name":"Shaded","section":"Shading Mode"},"sceneLighting":false,"audioPlay":false,"sceneViewState":{"showFog":false,"showMaterialUpdate":false,"showSkybox":false,"showFlares":false,"showImageEffects":false,"showParticleSystems":false},"in2DMode":false,"pivot":{"x":21.29943084716797,"y":-0.07298117130994797,"z":18.79572296142578},"rotation":{"x":-0.175111785531044,"y":0.7146802544593811,"z":-0.17165955901145936,"w":-0.6584792733192444},"size":2.598079204559326,"orthographic":false}