{"cameraMode":{"drawMode":0,"name":"Shaded","section":"Shading Mode"},"sceneLighting":false,"audioPlay":false,"sceneViewState":{"showFog":false,"showMaterialUpdate":false,"showSkybox":false,"showFlares":false,"showImageEffects":false,"showParticleSystems":false},"in2DMode":false,"pivot":{"x":0.526470422744751,"y":4.531905651092529,"z":1.3502670526504517},"rotation":{"x":-0.006507311947643757,"y":0.9482738375663757,"z":-0.31781548261642458,"w":-0.017567511647939683},"size":6.827634334564209,"orthographic":false}