{"cameraMode":{"drawMode":0,"name":"Shaded","section":"Shading Mode"},"sceneLighting":false,"audioPlay":false,"sceneViewState":{"showFog":false,"showMaterialUpdate":false,"showSkybox":false,"showFlares":false,"showImageEffects":false,"showParticleSystems":false},"in2DMode":false,"pivot":{"x":1.388798475265503,"y":1.9997327327728272,"z":1.6560840606689454},"rotation":{"x":0.19177691638469697,"y":-0.6285866498947144,"z":0.16534653306007386,"w":0.7358865141868591},"size":3.0728538036346437,"orthographic":false}