{"cameraMode":{"drawMode":0,"name":"Shaded","section":"Shading Mode"},"sceneLighting":false,"audioPlay":false,"sceneViewState":{"showFog":false,"showMaterialUpdate":false,"showSkybox":false,"showFlares":false,"showImageEffects":false,"showParticleSystems":false},"in2DMode":false,"pivot":{"x":-8.0,"y":1.2000000476837159,"z":5.599999904632568},"rotation":{"x":-0.0065918960608541969,"y":0.8678877949714661,"z":0.010751912370324135,"w":0.4979974627494812},"size":2.0750691890716554,"orthographic":false}