{"cameraMode":{"drawMode":0,"name":"Shaded","section":"Shading Mode"},"sceneLighting":false,"audioPlay":false,"sceneViewState":{"showFog":false,"showMaterialUpdate":false,"showSkybox":false,"showFlares":false,"showImageEffects":false,"showParticleSystems":false},"in2DMode":false,"pivot":{"x":-1.6902474164962769,"y":0.6520771384239197,"z":7.535271644592285},"rotation":{"x":-0.016904033720493318,"y":0.692415177822113,"z":-0.01407130528241396,"w":-0.7241507172584534},"size":4.466028213500977,"orthographic":false}