{"cameraMode":{"drawMode":0,"name":"Shaded","section":"Shading Mode"},"sceneLighting":false,"audioPlay":false,"sceneViewState":{"showFog":false,"showMaterialUpdate":false,"showSkybox":false,"showFlares":false,"showImageEffects":false,"showParticleSystems":false},"in2DMode":false,"pivot":{"x":-33.099998474121097,"y":0.5,"z":6.300000190734863},"rotation":{"x":0.700910747051239,"y":-0.003921086899936199,"z":0.0031180407386273147,"w":0.7136401534080505},"size":2.4139676094055177,"orthographic":false}