{"cameraMode":{"drawMode":0,"name":"Shaded","section":"Shading Mode"},"sceneLighting":false,"audioPlay":false,"sceneViewState":{"showFog":false,"showMaterialUpdate":false,"showSkybox":false,"showFlares":false,"showImageEffects":false,"showParticleSystems":false},"in2DMode":false,"pivot":{"x":2.384185791015625e-7,"y":2.13671875,"z":2.999999523162842},"rotation":{"x":0.19177691638469697,"y":-0.6285866498947144,"z":0.16534653306007386,"w":0.7358865141868591},"size":3.81648588180542,"orthographic":false}