{"cameraMode":{"drawMode":0,"name":"Shaded","section":"Shading Mode"},"sceneLighting":false,"audioPlay":false,"sceneViewState":{"showFog":false,"showMaterialUpdate":false,"showSkybox":false,"showFlares":false,"showImageEffects":false,"showParticleSystems":false},"in2DMode":false,"pivot":{"x":-1.0,"y":0.10899999737739563,"z":-0.4609999656677246},"rotation":{"x":0.024158095940947534,"y":0.9596141576766968,"z":-0.2680392563343048,"w":0.08548767864704132},"size":0.36302104592323305,"orthographic":false}