{"cameraMode":{"drawMode":0,"name":"Shaded","section":"Shading Mode"},"sceneLighting":false,"audioPlay":false,"sceneViewState":{"showFog":false,"showMaterialUpdate":false,"showSkybox":false,"showFlares":false,"showImageEffects":false,"showParticleSystems":false},"in2DMode":false,"pivot":{"x":0.000033974647521972656,"y":3.0000534057617189,"z":0.0000057220458984375},"rotation":{"x":0.19177691638469697,"y":-0.6285866498947144,"z":0.16534653306007386,"w":0.7358865141868591},"size":3.0822653770446779,"orthographic":false}