{"cameraMode":{"drawMode":0,"name":"Shaded","section":"Shading Mode"},"sceneLighting":false,"audioPlay":false,"sceneViewState":{"showFog":false,"showMaterialUpdate":false,"showSkybox":false,"showFlares":false,"showImageEffects":false,"showParticleSystems":false},"in2DMode":false,"pivot":{"x":-3.314052104949951,"y":2.2050487995147707,"z":-1.0029538869857789},"rotation":{"x":0.39250943064689639,"y":-0.3322656452655792,"z":0.15604262053966523,"w":0.8437755703926086},"size":3.97959303855896,"orthographic":false}