{"cameraMode":{"drawMode":0,"name":"Shaded","section":"Shading Mode"},"sceneLighting":false,"audioPlay":false,"sceneViewState":{"showFog":false,"showMaterialUpdate":false,"showSkybox":false,"showFlares":false,"showImageEffects":false,"showParticleSystems":false},"in2DMode":false,"pivot":{"x":1.5657587051391602,"y":0.15950918197631837,"z":-0.9122486114501953},"rotation":{"x":0.07778599858283997,"y":0.5689845681190491,"z":-0.06843709200620651,"w":0.8185293078422546},"size":6.770003795623779,"orthographic":false}