{"cameraMode":{"drawMode":0,"name":"Shaded","section":"Shading Mode"},"sceneLighting":false,"audioPlay":false,"sceneViewState":{"showFog":false,"showMaterialUpdate":false,"showSkybox":false,"showFlares":false,"showImageEffects":false,"showParticleSystems":false},"in2DMode":false,"pivot":{"x":1.5000001192092896,"y":0.12499940395355225,"z":1.4999992847442628},"rotation":{"x":-0.1354936808347702,"y":0.781421422958374,"z":-0.18396398425102235,"w":-0.5814670920372009},"size":2.1250176429748537,"orthographic":false}