{"cameraMode":{"drawMode":0,"name":"Shaded","section":"Shading Mode"},"sceneLighting":false,"audioPlay":false,"sceneViewState":{"showFog":false,"showMaterialUpdate":false,"showSkybox":false,"showFlares":false,"showImageEffects":false,"showParticleSystems":false},"in2DMode":false,"pivot":{"x":-2.501530647277832,"y":2.352362871170044,"z":-5.227385520935059},"rotation":{"x":0.13863158226013184,"y":0.8474683165550232,"z":-0.27023279666900637,"w":0.4367723762989044},"size":6.08791446685791,"orthographic":false}