{"cameraMode":{"drawMode":0,"name":"Shaded","section":"Shading Mode"},"sceneLighting":false,"audioPlay":false,"sceneViewState":{"showFog":false,"showMaterialUpdate":false,"showSkybox":false,"showFlares":false,"showImageEffects":false,"showParticleSystems":false},"in2DMode":false,"pivot":{"x":-9.367541313171387,"y":1.853106141090393,"z":7.490616798400879},"rotation":{"x":0.09768106043338776,"y":-0.3067474365234375,"z":0.03202704340219498,"w":0.9469988346099854},"size":2.0750691890716554,"orthographic":false}