{"cameraMode":{"drawMode":0,"name":"Shaded","section":"Shading Mode"},"sceneLighting":false,"audioPlay":false,"sceneViewState":{"showFog":false,"showMaterialUpdate":false,"showSkybox":false,"showFlares":false,"showImageEffects":false,"showParticleSystems":false},"in2DMode":false,"pivot":{"x":5.425668239593506,"y":0.7671388387680054,"z":15.497818946838379},"rotation":{"x":0.14549699425697328,"y":0.7797648906707764,"z":-0.2204170823097229,"w":0.5715630650520325},"size":0.6867442727088928,"orthographic":false}