{"cameraMode":{"drawMode":0,"name":"Shaded","section":"Shading Mode"},"sceneLighting":false,"audioPlay":false,"sceneViewState":{"showFog":false,"showMaterialUpdate":false,"showSkybox":false,"showFlares":false,"showImageEffects":false,"showParticleSystems":false},"in2DMode":false,"pivot":{"x":-11.08967399597168,"y":-5.067816734313965,"z":-6.939691543579102},"rotation":{"x":-0.006200751755386591,"y":0.9772383570671082,"z":-0.22146166861057282,"w":-0.016412705183029176},"size":10.0,"orthographic":false}