{"cameraMode":{"drawMode":0,"name":"Shaded","section":"Shading Mode"},"sceneLighting":false,"audioPlay":false,"sceneViewState":{"showFog":false,"showMaterialUpdate":false,"showSkybox":false,"showFlares":false,"showImageEffects":false,"showParticleSystems":false},"in2DMode":false,"pivot":{"x":-2.625760316848755,"y":-0.45072993636131289,"z":0.701050877571106},"rotation":{"x":0.07672492414712906,"y":-0.8110759854316711,"z":0.10990902781486511,"w":0.5699269771575928},"size":10.0,"orthographic":false}