{"cameraMode":{"drawMode":0,"name":"Shaded","section":"Shading Mode"},"sceneLighting":false,"audioPlay":false,"sceneViewState":{"showFog":false,"showMaterialUpdate":false,"showSkybox":false,"showFlares":false,"showImageEffects":false,"showParticleSystems":false},"in2DMode":false,"pivot":{"x":0.025799989700317384,"y":1.0891766548156739,"z":0.00029540061950683594},"rotation":{"x":-0.05209769681096077,"y":-0.8782314658164978,"z":0.09878206253051758,"w":-0.4652235209941864},"size":4.133065700531006,"orthographic":false}