{"cameraMode":{"drawMode":0,"name":"Shaded","section":"Shading Mode"},"sceneLighting":false,"audioPlay":false,"sceneViewState":{"showFog":false,"showMaterialUpdate":false,"showSkybox":false,"showFlares":false,"showImageEffects":false,"showParticleSystems":false},"in2DMode":false,"pivot":{"x":2.233400344848633,"y":0.5,"z":3.8062219619750978},"rotation":{"x":-0.015221429988741875,"y":-0.9814513325691223,"z":0.1697949469089508,"w":-0.08797210454940796},"size":2.6872589588165285,"orthographic":false}