{"cameraMode":{"drawMode":0,"name":"Shaded","section":"Shading Mode"},"sceneLighting":false,"audioPlay":false,"sceneViewState":{"showFog":false,"showMaterialUpdate":false,"showSkybox":false,"showFlares":false,"showImageEffects":false,"showParticleSystems":false},"in2DMode":false,"pivot":{"x":-2.824430227279663,"y":3.698875904083252,"z":0.1987023502588272},"rotation":{"x":-0.19709540903568269,"y":-0.6910260319709778,"z":0.20494084060192109,"w":-0.664586067199707},"size":1.3114876747131348,"orthographic":false}