{"cameraMode":{"drawMode":0,"name":"Shaded","section":"Shading Mode"},"sceneLighting":false,"audioPlay":false,"sceneViewState":{"showFog":false,"showMaterialUpdate":false,"showSkybox":false,"showFlares":false,"showImageEffects":false,"showParticleSystems":false},"in2DMode":false,"pivot":{"x":3.671525001525879,"y":-3.1127727031707765,"z":-1.2827589511871338},"rotation":{"x":0.17855823040008546,"y":0.7495989799499512,"z":-0.2241324633359909,"w":0.597942590713501},"size":3.3123133182525636,"orthographic":false}