{"cameraMode":{"drawMode":0,"name":"Shaded","section":"Shading Mode"},"sceneLighting":false,"audioPlay":false,"sceneViewState":{"showFog":false,"showMaterialUpdate":false,"showSkybox":false,"showFlares":false,"showImageEffects":false,"showParticleSystems":false},"in2DMode":false,"pivot":{"x":0.9270440340042114,"y":2.3392884731292726,"z":0.2269303947687149},"rotation":{"x":0.1958405077457428,"y":0.6686770915985107,"z":-0.18878309428691865,"w":0.6924458146095276},"size":2.573488235473633,"orthographic":false}