{"cameraMode":{"drawMode":0,"name":"Shaded","section":"Shading Mode"},"sceneLighting":false,"audioPlay":false,"sceneViewState":{"showFog":false,"showMaterialUpdate":false,"showSkybox":false,"showFlares":false,"showImageEffects":false,"showParticleSystems":false},"in2DMode":false,"pivot":{"x":0.4375026226043701,"y":0.9999990463256836,"z":-0.0000019073486328125},"rotation":{"x":0.19177691638469697,"y":-0.6285866498947144,"z":0.16534653306007386,"w":0.7358865141868591},"size":1.5873043537139893,"orthographic":false}