{"cameraMode":{"drawMode":0,"name":"Shaded","section":"Shading Mode"},"sceneLighting":false,"audioPlay":false,"sceneViewState":{"showFog":false,"showMaterialUpdate":false,"showSkybox":false,"showFlares":false,"showImageEffects":false,"showParticleSystems":false},"in2DMode":false,"pivot":{"x":0.050898611545562747,"y":0.5017418265342712,"z":-0.32590147852897646},"rotation":{"x":0.0916745662689209,"y":-0.7537750005722046,"z":0.10768714547157288,"w":0.6417508721351624},"size":1.9093961715698243,"orthographic":false}