{"cameraMode":{"drawMode":0,"name":"Shaded","section":"Shading Mode"},"sceneLighting":false,"audioPlay":false,"sceneViewState":{"showFog":false,"showMaterialUpdate":false,"showSkybox":false,"showFlares":false,"showImageEffects":false,"showParticleSystems":false},"in2DMode":false,"pivot":{"x":-0.3639558255672455,"y":-5.483982086181641,"z":4.756887435913086},"rotation":{"x":-0.4520457088947296,"y":0.00041082961251959205,"z":-0.0008070726762525737,"w":-0.8923438787460327},"size":25.3248291015625,"orthographic":false}