{"cameraMode":{"drawMode":0,"name":"Shaded","section":"Shading Mode"},"sceneLighting":false,"audioPlay":false,"sceneViewState":{"showFog":false,"showMaterialUpdate":false,"showSkybox":false,"showFlares":false,"showImageEffects":false,"showParticleSystems":false},"in2DMode":false,"pivot":{"x":1.6249991655349732,"y":0.9372454285621643,"z":3.135808229446411},"rotation":{"x":-0.003305836347863078,"y":-0.9864519238471985,"z":0.16305087506771089,"w":-0.02012605406343937},"size":1.2145764827728272,"orthographic":false}