{"cameraMode":{"drawMode":0,"name":"Shaded","section":"Shading Mode"},"sceneLighting":false,"audioPlay":false,"sceneViewState":{"showFog":false,"showMaterialUpdate":false,"showSkybox":false,"showFlares":false,"showImageEffects":false,"showParticleSystems":false},"in2DMode":false,"pivot":{"x":0.0,"y":0.6531403064727783,"z":-0.04150000214576721},"rotation":{"x":0.024158095940947534,"y":0.9596141576766968,"z":-0.2680392563343048,"w":0.08548767864704132},"size":0.760573148727417,"orthographic":false}