{"cameraMode":{"drawMode":0,"name":"Shaded","section":"Shading Mode"},"sceneLighting":false,"audioPlay":false,"sceneViewState":{"showFog":false,"showMaterialUpdate":false,"showSkybox":false,"showFlares":false,"showImageEffects":false,"showParticleSystems":false},"in2DMode":false,"pivot":{"x":-8.0,"y":1.2000000476837159,"z":5.599999904632568},"rotation":{"x":-0.013258032500743866,"y":0.9876949787139893,"z":-0.11396048218011856,"w":-0.11261641979217529},"size":2.0750691890716554,"orthographic":false}