{"cameraMode":{"drawMode":0,"name":"Shaded","section":"Shading Mode"},"sceneLighting":false,"audioPlay":false,"sceneViewState":{"showFog":false,"showMaterialUpdate":false,"showSkybox":false,"showFlares":false,"showImageEffects":false,"showParticleSystems":false},"in2DMode":false,"pivot":{"x":647.332763671875,"y":40.79544448852539,"z":-558.8789672851563},"rotation":{"x":0.35397452116012576,"y":-0.015098116360604763,"z":0.005872784182429314,"w":0.9352978467941284},"size":532.6434326171875,"orthographic":false}